Case Number,Case Title
A-000-000,Shells From Seychelles
A-000-001,test From Iceland
A-000-005,Test From Argentina
A-000-008,Testing From Bangladesh
A-000-009,Test From Bahamas
A-000-012,Test From India
A-000-013,India From India
A-000-015,Testing Purpose From Bangladesh
A-000-030,Test From Bangladesh
A-000-031,test From Bangladesh
A-000-088,Paper (Test) From Peru
A-000-099,Fiji's From Fiji
A-000-101,Test From Bangladesh
A-000-102,TEst From Bangladesh
A-000-500,Testing Limited From Bangladesh
A-000-501,TextTile From Bangladesh
A-000-502,"1-Hydroxyethylidene-1, 1-Diphosphonic Acid (Hedp) From India From India"
A-000-503,Testing Purpose From Bangladesh
A-000-888,Woods From USA
A-022-022,Test From Bangladesh
A-022-023,Test From Bangladesh
A-022-024,Test From Bangladesh
A-022-025,Test From Bangladesh
A-111-111,Sand From Burundi
A-122-503,Iron Construction Castings From Canada
A-122-822,CORE From Canada
A-122-840,Carbon and Certain Alloy Steel Wire Rod From Canada
A-122-853,Citric Acid And Citrate Salt From Canada
A-122-855,Polyethylene Terephthalate Resin From Canada
A-122-856,Certain Iron Mechanical Transfer Drive Components From Canada
A-122-857,Softwood Lumber From Canada
A-122-859,100- to 150-Seat Large Civil Aircraft From Canada
A-122-861,Uncoated Groundwood Paper From Canada
A-122-863,Large Diameter Welded Carbon and Alloy Steel Line and Structural Pipe From Canada
A-122-864,Fabricated Structural Steel From Canada
A-122-866,Sodium Sulfate Anhydrous From Canada
A-122-867,Utility Scale Wind Towers From Canada
A-122-988,Crystalline Silicon Photovoltaic Cells From Canada
A-123-455,Test From Albania
A-201-805,Circular Welded Non-Alloy Steel Pipe From Mexico
A-201-820,Fresh Tomatoes From Mexico
A-201-822,Stainless Steel Sheet And Strip In Coils From Mexico
A-201-830,Carbon And Certain Alloy Steel Wire Rod From Mexico
A-201-831,Prestressed Concrete Steel Wire Strand From Mexico
A-201-834,Carboxymethylcellulose From Mexico
A-201-835,Lemon Juice From Mexico
A-201-836,Light-Walled Rectangular Pipe And Tube From Mexico
A-201-837,Magnesia Carbon Bricks From Mexico
A-201-838,Seamless Refined Copper Pipe And Tube From Mexico
A-201-839,Bottom Mount Combination Refrigerator-Freezers From Mexico
A-201-840,Galvanized Steel Wire From Mexico
A-201-842,Large Residential Washers From Mexico
A-201-843,Prestressed Concrete Steel Rail Tie Wire From Mexico
A-201-844,Steel Concrete Reinforcing Bars From Mexico
A-201-845,Sugar From Mexico
A-201-847,Heavy Walled Rectangular Welded Carbon Steel Pipes and Tubes From Mexico
A-201-848,Emulsion Styrene-Butadiene Rubber(ESBR) From Mexico
A-201-849,Refillable Stainless Steel Kegs From Mexico
A-201-850,Fabricated Structural Steel From Mexico
A-201-852,Polyethylene Terephthalate Sheet From Mexico
A-201-853,Standard Welded Wire Mesh From Mexico
A-201-988,Crystalline Silicon Photovoltaic Cells From Mexico
A-274-804,Carbon And Certain Alloy Steel Wire Rod From Trinidad and Tobago
A-274-806,Melamine From Trinidad and Tobago
A-301-803,Citric Acid and Certain Citrate Salts From Colombia
A-301-804,Prestressed Concrete Steel Wire Strand From Colombia
A-307-820,Silicomanganese From Venezuela
A-307-824,Ferrosilicon From Venezuela
A-331-802,Certain Frozen and Canned Warmwater Shrimp From Ecuador
A-337-804,Certain Preserved Mushrooms From Chile
A-351-503,Iron Construction Castings From Brazil
A-351-602,Carbon Steel Butt-Weld Pipe Fittings From Brazil
A-351-809,Circular Welded Non-Alloy Steel Pipe From Brazil
A-351-824,Silicomanganese From Brazil
A-351-825,Stainless Steel Bar From Brazil
A-351-828,Hot-Rolled Flat-Rolled Carbon-Quality Steel Products From Brazil
A-351-832,Carbon And Certain Alloy Steel Wire Rod From Brazil
A-351-837,Prestressed Concrete Steel Wire Strand From Brazil
A-351-838,Frozen Warmwater Shrimp From Brazil
A-351-840,Orange Juice From Brazil
A-351-841,Polyethylene Terephthalate (Pet) Film From Brazil
A-351-842,Uncoated Paper From Brazil
A-351-843,Cold-Rolled Steel Flat Products From Brazil
A-351-845,Hot-Rolled Steel Flat Products From Brazil
A-351-847,Carbon and Alloy Steel Cut-To-Length Plate From Brazil
A-351-849,Emulsion Styrene-Butadiene Rubber(ESBR) From Brazil
A-351-850,Silicon Metal From Brazil
A-351-852,Polyethylene Terephthalate Resin From Brazil
A-351-853,Wood Mouldings and Millwork Products From Brazil
A-351-854,Common Alloy Aluminum Sheet From Brazil
A-357-812,Honey From Argentina
A-357-818,Lemon Juice From Argentina
A-357-820,Biodiesel From Argentina
A-357-822,Prestressed Concrete Steel Wire Strand From Argentina
A-357-988,Crystalline Silicon Photovoltaic Cells From Argentina
A-400-001,Silicon Metal From Iceland
A-401-808,Purified Carboxmethylcellulose From Sweden
A-401-809,Non-Oriented Electrical Steel From Sweden
A-401-988,Crystalline Silicon Photovoltaic Cells From Sweden
A-403-801,Fresh & Chilled Atlantic Salmon From Norway
A-403-805,Silicon Metal From Norway
A-403-988,Crystalline Silicon Photovoltaic Cells From Norway
A-405-803,Carboxymethylcellulose From Finland
A-409-988,Crystalline Silicon Photovoltaic Cells From Denmark
A-412-801,"Antifriction Bearings, Ball From United Kingdom"
A-412-814,Cut To Length Carbon Steel Plate From United Kingdom
A-412-824,Cold-Rolled Steel Flat Products From United Kingdom
A-412-825,Hot-Rolled Steel Flat Products From United Kingdom
A-412-826,Carbon and Alloy Steel Wire Rod From United Kingdom
A-412-988,Crystalline Silicon Photovoltaic Cells From United Kingdom
A-412-990,Small Diameter Grahpic Electrodes From United Kingdom
A-421-807,Certain Hot-Rolled Carbon Steel Flat Products From Netherlands
A-421-811,Carboxymethylcellulose From Netherlands
A-421-812,Cold-Rolled Steel Flat Products From Netherlands
A-421-813,Hot-Rolled Steel Flat Products From Netherlands
A-421-814,Prestressed Concrete Steel Wire Strand From Netherlands
A-421-988,Crystalline Silicon Photovoltaic Cells From Netherlands
A-423-808,Stainless Steel Plate In Coils From Belgium
A-423-812,Carbon and Alloy Steel Cut-To-Length Plate From Belgium
A-423-813,Citric Acid and Certain Citrate Salts From Belgium
A-423-814,Acetone From Belgium
A-423-988,Crystalline Silicon Photovoltaic Cells From Belgium
A-423-990,Certain Crystalline Silicon Photovoltaic Products From Belgium
A-427-001,Sorbitol From France
A-427-602,Brass Sheet & Strip From France
A-427-801,"Antifriction Bearings, Ball From France"
A-427-818,Uranium From France
A-427-828,Carbon and Alloy Steel Cut-To-Length Plate From France
A-427-829,"Sodium Gluconate, Gluconic Acid and Derivative Products From France"
A-427-830,Strontium Chromate From France
A-427-831,Methionine From France
A-427-988,Crystalline Silicon Photovoltaic Cells From France
A-428-602,Brass Sheet & Strip From Germany
A-428-801,"Antifriction Bearings, Ball From Germany"
A-428-815,Corrosion-Resistant Carbon Steel Flat Products From Germany
A-428-820,Seamless Line And Pressure Pipe From Germany
A-428-825,Stainless Steel Sheet And Strip In Coils From Germany
A-428-830,Stainless Steel Bar From Germany
A-428-835,Oil Country Tubular Goods From Germany
A-428-840,Lightweight Thermal Paper From Germany
A-428-841,Sodium Nitrite From Germany
A-428-842,Grain-Oriented Electrical Steel from Germany From Germany
A-428-843,Non-Oriented Electrical Steel From Germany
A-428-844,Carbon and Alloy Steel Cut-To-Length Plate From Germany
A-428-845,Cold-Drawn Mechanical Tubing From Germany
A-428-846,Refillable Stainless Steel Kegs From Germany
A-428-847,Forged Steel Fluid End Blocks From Germany
A-428-849,Common Alloy Aluminum Sheet From Germany
A-428-988,Crystalline Silicon Photovoltaic Cells From Germany
A-433-811,Xanthan Gum From Austria
A-433-812,Carbon and Alloy Steel Cut-To-Length Plate From Austria
A-433-813,Strontium Chromate From Austria
A-433-988,Crystalline Silicon Photovoltaic Cells From Austria
A-437-988,Crystalline Silicon Photovoltaic Cells From Hungary
A-441-801,Cold-Drawn Mechanical Tubing From Switzerland
A-441-988,Crystalline Silicon Photovoltaic Cells From Switzerland
A-449-804,Steel Concrete Reinforcing Bars From Latvia
A-455-803,Steel Concrete Reinforcing Bars From Poland
A-455-804,Grain-Oriented Electrical Steel From Poland
A-455-805,Emulsion Styrene-Butadiene Rubber(ESBR) From Poland
A-455-988,Crystalline Silicon Photovoltaic Cells From Poland
A-457-804,Urea Ammoniun Nitrate Solutions From Lithuania
A-469-805,Stainless Steel Bar From Spain
A-469-807,Stainless Steel Wire Rod From Spain
A-469-814,Chlorinated Isocyanurates From Spain
A-469-815,Finished Carbon Steel Flanges From Spain
A-469-816,Carbon and Alloy Steel Wire Rod From Spain
A-469-817,Ripe Olives From Spain
A-469-819,Acetone From Spain
A-469-820,Common Alloy Aluminum Sheet From Spain
A-469-821,Prestressed Concrete Steel Wire Strand From Spain
A-469-822,Methionine From Spain
A-469-988,Crystalline Silicon Photovoltaic Cells From Spain
A-471-807,Uncoated Paper From Portugal
A-471-988,Crystalline Silicon Photovoltaic Cells From Portugal
A-475-059,Pressure Sensitive Plastic Tape From Italy
A-475-601,Brass Sheet & Strip From Italy
A-475-703,Granular Polytetrafluoroethylene Resin From Italy
A-475-801,"Antifriction Bearings, Ball From Italy"
A-475-818,"Pasta, Certain From Italy"
A-475-820,Stainless Steel Wire Rod From Italy
A-475-822,Stainless Steel Plate In Coils From Italy
A-475-824,Stainless Steel Sheet And Strip In Coils From Italy
A-475-826,Certain Cut-To-Length Carbon-Quality Steel Plate From Italy
A-475-828,Stainless Steel Butt-Weld Pipe Fittings From Italy
A-475-829,Stainless Steel Bar From Italy
A-475-832,Corrosion-Resistant Steel Products From Italy
A-475-834,Carbon and Alloy Steel Cut-To-Length Plate From Italy
A-475-835,Finished Carbon Steel Flanges From Italy
A-475-836,Carbon and Alloy Steel Wire Rod From Italy
A-475-838,Cold-Drawn Mechanical Tubing From Italy
A-475-839,Forged Steel Fittings From Italy
A-475-840,Forged Steel Fluid End Blocks From Italy
A-475-842,Common Alloy Aluminum Sheet From Italy
A-475-843,Prestressed Concrete Steel Wire Strand From Italy
A-475-988,Crystalline Silicon Photovoltaic Cells From Italy
A-479-001,Common Alloy Aluminum Sheet From Croatia
A-479-988,Crystalline Silicon Photovoltaic Cells From Croatia
A-484-803,Large Diameter Welded Carbon and Alloy Steel Line Pipe From Greece
A-484-804,Common Alloy Aluminum Sheet From Greece
A-485-805,"Carbon And Alloy Seamless Standard, Line, And Pressure Pipe (Under 4 1/2 Inches) From Romania"
A-485-807,Circular Welded Non-Alloy Steel Pipe From Romania
A-485-809,Common Alloy Aluminum Sheet From Romania
A-489-501,Welded Carbon Steel Pipe & Tube From Turkey
A-489-805,"Pasta, Certain From Turkey"
A-489-807,Steel Concrete Reinforcing Bar From Turkey
A-489-810,Cold-Rolled Carbon Steel Flat Products From Turkey
A-489-815,Light-Walled Rectangular Pipe And Tube From Turkey
A-489-816,Oil Country Tubular Goods From Turkey
A-489-818,Steel Concrete Reinforcing Bars From Turkey
A-489-820,Steel Nails From Turkey
A-489-822,Welded Line Pipe From Turkey
A-489-824,Heavy Walled Rectangular Welded Carbon Steel Pipes and Tubes From Turkey
A-489-826,Hot-Rolled Steel Flat Products From Turkey
A-489-828,Carbon and Alloy Steel Cut-To-Length Plate From Turkey
A-489-829,Steel Concrete Reinforcing Bar From Turkey
A-489-831,Carbon and Alloy Steel Wire Rod From Turkey
A-489-833,Large Diameter Welded Carbon and Alloy Steel Line and Structural Pipe From Turkey
A-489-835,Dried Tart Cherries From Turkey
A-489-837,Quartz Surface Products From Turkey
A-489-839,Common Alloy Aluminum Sheet From Turkey
A-489-841,Mattresses From Turkey
A-489-842,Prestressed Concrete Steel Wire Strand From Turkey
A-489-988,Crystalline Silicon Photovoltaic Cells From Turkey
A-499-504,Steel Concrete Reinforcing Bars From Latvia
A-499-804,Steel Concrete Reinforcing Bars From Latvia
A-507-502,In-Shell Pistachios From Iran
A-508-812,Magnesium From Israel
A-508-988,Crystalline Silicon Photovoltaic Cells From Israel
A-517-804,Oil Country Tubular Goods From Saudi Arabia
A-517-805,Acetone From Saudi Arabia
A-517-806,Prestressed Concrete Steel Wire Strand From Saudi Arabia
A-520-802,Steel Nails From United Arab Emirates
A-520-803,Polyethylene Terephthalate (Pet) Film From United Arab Emirates
A-520-804,Steel Nails From United Arab Emirates
A-520-805,Circular Welded Carbon-Quality Steel Pipe From United Arab Emirates
A-520-807,Circular Welded Carbon-Quality Steel Pipe From United Arab Emirates
A-520-808,Carbon and Alloy Steel Wire Rod From United Arab Emirates
A-520-809,Prestressed Concrete Steel Wire Strand From United Arab Emirates
A-523-801,Circular Welded Carbon-Quality Steel Pipe From Oman
A-523-808,Steel Nails From Oman
A-523-810,Polyethylene Terephthalate Resin From Oman
A-523-812,Circular Welded Carbon-Quality Steel Pipe From Oman
A-523-813,Polyethylene Terephthalate Sheet From Oman
A-523-814,Common Alloy Aluminum Sheet From Oman
A-525-001,Common Alloy Aluminum Sheet From Bahrain
A-533-502,Welded Carbon Steel Pipe & Tube From India
A-533-806,Sulfanilic Acid From India
A-533-808,Stainless Steel Wire Rod From India
A-533-810,Stainless Steel Bar From India
A-533-813,Certain Preserved Mushrooms From India
A-533-817,Certain Cut-To-Length Carbon-Quality Steel Plate From India
A-533-820,Certain Hot-Rolled Carbon Steel Flat Products From India
A-533-823,Silicomanganese From India
A-533-824,Polyethylene Terephthalate (Pet) Film From India
A-533-828,Prestressed Concrete Steel Wire Strand From India
A-533-838,Carbazole Violet Pigment 23 From India
A-533-840,Frozen Warmwater Shrimp From India
A-533-843,Lined Paper Products From India
A-533-847,"1-Hydroxyethylidene-1, 1-Diphosphonic Acid (Hedp) From India"
A-533-848,Commodity Matchbooks From India
A-533-852,Circular Welded Carbon-Quality Steel Pipe From India
A-533-855,Steel Threaded Rod From India
A-533-857,Oil Country Tubular Goods From India
A-533-859,Steel Nails From India
A-533-861,Polyethylene Terephthalate Resin From India
A-533-863,Corrosion-Resistant Steel Products From India
A-533-865,Cold-Rolled Steel Flat Products From India
A-533-867,Welded Stainless Pressure Pipe From India
A-533-869,Off-the-Road Tires From India
A-533-871,Finished Carbon Steel Flanges From India
A-533-873,Cold-Drawn Mechanical Tubing From India
A-533-875,Fine Denier Polyester Staple Fiber From India
A-533-877,Stainless Steel Flanges From India
A-533-879,Polytetrafluoroethylene (PTFE) Resin From India
A-533-881,Large Diameter Welded Carbon and Alloy Steel Line Pipe From India
A-533-883,Glycine From India
A-533-885,Polyester Textured Yarn From India
A-533-887,Carbon and Alloy Steel Threaded Rod From India
A-533-889,Quartz Surface Products From India
A-533-891,Forged Steel Fittings From India
A-533-893,Forged Steel Fluid End Blocks From India
A-533-895,Common Alloy Aluminum Sheet From India
A-533-988,Crystalline Silicon Photovoltaic Cells From Hungary
A-535-903,Circular Welded Carbon-Quality Steel Pipe From Pakistan
A-535-905,Polyethylene Terephthalate Resin From Pakistan
A-542-802,Rubber Bands From Sri Lanka
A-549-502,Welded Carbon Steel Pipe & Tube From Thailand
A-549-807,Carbon Steel Butt-Weld Pipe Fittings From Thailand
A-549-812,Furfuryl Alcohol From Thailand
A-549-813,Canned Pineapple Fruit From Thailand
A-549-817,Certain Hot-Rolled Carbon Steel Flat Products From Thailand
A-549-820,Prestressed Concrete Steel Wire Strand From Thailand
A-549-821,Polyethylene Retail Carrier Bags From Thailand
A-549-822,Frozen Warmwater Shrimp From Thailand
A-549-829,Prestressed Concrete Steel Rail Tie Wire From Thailand
A-549-830,Welded Stainless Steel Pressure Pipe From Thailand
A-549-831,Steel Threaded Rod From Thailand
A-549-832,Oil Country Tubular Goods From Thailand
A-549-833,Citric Acid and Certain Citrate Salts From Thailand
A-549-835,Rubber Bands From Thailand
A-549-837,Glycine From Thailand
A-549-839,Steel Propane Cylinders From Thailand
A-549-840,Carbon and Alloy Steel Threaded Rod From Thailand
A-549-841,Mattresses From Thailand
A-549-842,Passenger Vehicle and Light Truck Tires From Thailand
A-549-988,Crystalline Silicon Photovoltaic Cells From Thailand
A-552-801,Frozen Fish Fillets From Vietnam
A-552-802,Frozen Warmwater Shrimp From Vietnam
A-552-803,Uncovered Innerspring Units From Vietnam
A-552-806,Polyethylene Retail Carrier Bags From Vietnam
A-552-809,Circular Welded Carbon-Quality Steel Pipe From Vietnam
A-552-811,Circular Welded Carbon-Quality Steel Pipe From Vietnam
A-552-812,Steel Wire Garment Hangers From Vietnam
A-552-814,Utility Scale Wind Towers From Vietnam
A-552-816,Welded Stainless Steel Pressure Pipe From Vietnam
A-552-817,Oil Country Tubular Goods From Vietnam
A-552-818,Steel Nails From Vietnam
A-552-820,Circular Welded Carbon-Quality Steel Pipe From Vietnam
A-552-821,Tool Chests and Cabinets From Vietnam
A-552-822,Fine Denier Polyester Staple Fiber From Vietnam
A-552-823,Laminated Woven Sacks From Vietnam
A-552-825,Utility Scale Wind Towers From Vietnam
A-552-827,Mattresses From Vietnam
A-552-828,Passenger Vehicle and Light Truck Tires From Vietnam
A-552-830,Walk-Behind Lawn Mowers and Parts Thereof From Vietnam
A-552-831,Seamless Refined Copper Pipe and Tube From Vietnam
A-552-988,Crystalline Silicon Photovoltaic Cells From Vietnam
A-555-001,Mattresses From Cambodia
A-557-805,Extruded Rubber Tread From Malaysia
A-557-809,Stainless Steel Butt-Weld Pipe Fittings From Malaysia
A-557-813,Polyethylene Retail Carrier Bags From Malaysia
A-557-815,Welded Stainless Steel Pressure Pipe From Malaysia
A-557-816,Steel Nails From Malaysia
A-557-818,Mattresses From Malaysia
A-557-819,Prestressed Concrete Steel Wire Strand From Malaysia
A-557-820,Silicon Metal From Malaysia
A-557-988,Crystalline Silicon Photovoltaic Cells From Malaysia
A-557-994,Carbon Steel Butt-Weld Pipe Fittings From Malaysia
A-559-801,Anti-Friction Bearings From Singapore
A-559-808,Acetone From Singapore
A-559-988,Crystalline Silicon Photovoltaic Cells From Singapore
A-560-802,Certain Preserved Mushrooms From Indonesia
A-560-805,Certain Cut-To-Length Carbon-Quality Steel Plate From Indonesia
A-560-811,Steel Concrete Reinforcing Bars From Indonesia
A-560-812,Certain Hot-Rolled Carbon Steel Flat Products From Indonesia
A-560-815,Carbon And Certain Alloy Steel Wire Rod From Indonesia
A-560-818,Lined Paper Products From Indonesia
A-560-822,Polyethylene Retail Carrier Bags From Indonesia
A-560-823,Coated Paper Suitable For High-Quality Print Graphics Using Sheet-Fed Presses From Indonesia
A-560-826,Monosodium Glutamate from Indonesia From Indonesia
A-560-828,Uncoated Paper From Indonesia
A-560-830,Biodiesel From Indonesia
A-560-832,Polyethylene Terephthalate Resin From Indonesia
A-560-833,Utility Scale Wind Towers From Indonesia
A-560-835,Common Alloy Aluminum Sheet From Indonesia
A-560-836,Mattresses From Indonesia
A-560-837,Prestressed Concrete Steel Wire Strand From Indonesia
A-565-801,Stainless Steel Butt-Weld Pipe Fittings From Philippines
A-565-802,Oil Country Tubular Goods From Philippines
A-565-803,Circular Welded Carbon-Quality Steel Pipe From Philippines
A-565-988,Crystalline Silicon Photovoltaic Cells From Philippines
A-570-001,Potassium Permanganate From People Republic of China
A-570-002,Chloropicrin From People Republic of China
A-570-007,Barium Chloride From People Republic of China
A-570-008,Calcium Hypochlorite From People Republic of China
A-570-010,Certain Crystalline Silicon Photovoltaic Products From People Republic of China
A-570-012,for Carbon and Certain Alloy Steel Wire Rod From People Republic of China
A-570-014,53-Foot Domestic Dry Containers From People Republic of China
A-570-016,Passenger Vehicle and Light Truck Tires From People Republic of China
A-570-018,Boltless Steel Shelving Units Prepackaged for Sale From People Republic of China
A-570-020,Melamine From People Republic of China
A-570-022,Uncoated Paper From People Republic of China
A-570-024,Polyethylene Terephthalate Resin From People Republic of China
A-570-026,Corrosion-Resistant Steel Products From People Republic of China
A-570-028,Hydrofluorocarbon Blends From People Republic of China
A-570-029,Cold-Rolled Steel Flat Products From People Republic of China
A-570-032,Certain Iron Mechanical Transfer Drive Components From People Republic of China
A-570-033,Large Residential Washers From People Republic of China
A-570-034,Off-the-Road Tires From People Republic of China
A-570-036,Biaxial Integral Geogrid Products From People Republic of China
A-570-038,Amorphous Silica Fabric From People Republic of China
A-570-040,Truck and Bus Tires From People Republic of China
A-570-042,Stainless Steel Sheet and Strip From People Republic of China
A-570-044,"1,1,1,2-Tetrafluoroethane (R-134a) From People Republic of China"
A-570-045,"1-Hydroxyethylidene-1, 1-Diphosphonic Acid (HEDP) From People Republic of China"
A-570-047,Carbon and Alloy Steel Cut-To-Length Plate From People Republic of China
A-570-049,Ammonium Sulfate From People Republic of China
A-570-051,Hardwood Plywood Products From People Republic of China
A-570-053,Aluminum Foil From People Republic of China
A-570-055,Carton-Closing Staples From People Republic of China
A-570-056,Tool Chests and Cabinets From People Republic of China
A-570-058,Cold-Drawn Mechanical Tubing From People Republic of China
A-570-060,Fine Denier Polyester Staple Fiber From People Republic of China
A-570-062,Cast Iron Soil Pipe Fittings From People Republic of China
A-570-064,Stainless Steel Flanges From People Republic of China
A-570-066,Polytetrafluoroethylene (PTFE) Resin From People Republic of China
A-570-067,Forged Steel Fittings From People Republic of China
A-570-069,Rubber Bands From People Republic of China
A-570-071,"Sodium Gluconate, Gluconic Acid and Derivative Products From People Republic of China"
A-570-073,Common Alloy Aluminum Sheet From People Republic of China
A-570-075,Plastic Decorative Ribbon From People Republic of China
A-570-077,Large Diameter Welded Carbon and Alloy Steel Line and Structural Pipe From People Republic of China
A-570-079,Cast Iron Soil Pipe From People Republic of China
A-570-082,Steel Wheels From People Republic of China
A-570-084,Quartz Surface Products From People Republic of China
A-570-086,Steel Propane Cylinders From People Republic of China
A-570-088,Steel Racks From People Republic of China
A-570-090,Certain Steel Wheels 12 to 16.5 Inches in Diameter From People Republic of China
A-570-092,Mattresses From People Republic of China
A-570-093,Refillable Stainless Steel Kegs From People Republic of China
A-570-095,Aluminum Wire and Cable From People Republic of China
A-570-097,Polyester Textured Yarn From People Republic of China
A-570-101,Greig Polyester Cotton Print Cloth From People Republic of China
A-570-102,Fabricated Structural Steel From People Republic of China
A-570-104,Carbon and Alloy Steel Threaded Rod From People Republic of China
A-570-106,Wooden Cabinets and Vanities and Components Thereof From People Republic of China
A-570-108,Ceramic Tile From People Republic of China
A-570-110,Vertical Metal File Cabinets From People Republic of China
A-570-112,Collated Steel Staples From People Republic of China
A-570-114,Glass Containers From People Republic of China
A-570-117,Wood Mouldings and Millwork Products From People Republic of China
A-570-119,"Vertical Shaft Engines between 225cc and 999cc, and Parts Thereof From People Republic of China"
A-570-121,Difluoromethane (R-32) From People Republic of China
A-570-122,Corrosion Inhibitors From People Republic of China
A-570-124,"Certain Vertical Shaft Engines between 99cc and 225cc, and Parts Thereof From People Republic of China"
A-570-126,Non-Refillable Steel Cylinders From People Republic of China
A-570-129,Walk-Behind Lawn Mowers and Parts Thereof From People Republic of China
A-570-131,Twist Ties From People Republic of China
A-570-133,Metal Lockers and Parts Thereof From People Republic of China
A-570-135,Chassis and Subassemblies Thereof From People Republic of China
A-570-502,Iron Construction Castings From People Republic of China
A-570-504,Petroleum Wax Candles From People Republic of China
A-570-506,Porcelain-On-Steel Cooking Ware From People Republic of China
A-570-601,Tapered Roller Bearings From People Republic of China
A-570-803,"Heavy Forged Hand Tools, With Or Without Handles From People Republic of China"
A-570-806,Silicon Metal From People Republic of China
A-570-814,Carbon Steel Butt-Weld Pipe Fittings From People Republic of China
A-570-815,Sulfanilic Acid From People Republic of China
A-570-822,Helical Spring Lock Washers From People Republic of China
A-570-825,Sebacic Acid From People Republic of China
A-570-826,Paper Clips From People Republic of China
A-570-827,"Pencils, Cased From People Republic of China"
A-570-828,Silicomanganese From People Republic of China
A-570-831,"Garlic, Fresh From People Republic of China"
A-570-832,Pure Magnesium From People Republic of China
A-570-835,Furfuryl Alcohol From People Republic of China
A-570-836,Glycine From People Republic of China
A-570-846,Brake Rotors From People Republic of China
A-570-847,Persulfates From People Republic of China
A-570-848,Freshwater Crawfish Tailmeat From People Republic of China
A-570-849,Certain Cut-To-Length Carbon Steel From People Republic of China
A-570-851,Certain Preserved Mushrooms From People Republic of China
A-570-855,Non-Frozen Apple Juice Concentrate From People Republic of China
A-570-860,Steel Concrete Reinforcing Bars From People Republic of China
A-570-862,Foundry Coke From People Republic of China
A-570-863,Honey From People Republic of China
A-570-864,Pure Magnesium In Granular Form From People Republic of China
A-570-865,Certain Hot-Rolled Carbon Steel Flat Products From People Republic of China
A-570-866,Folding Gift Boxes From People Republic of China
A-570-868,Folding Metal Tables And Chairs From People Republic of China
A-570-873,Ferrovanadium From People Republic of China
A-570-874,Ball Bearings and Parts Thereof From People Republic of China
A-570-875,Non-Malleable Cast Iron Pipe Fittings From People Republic of China
A-570-878,Saccharin From People Republic of China
A-570-879,Polyvinyl Alcohol From People Republic of China
A-570-880,Barium Carbonate From People Republic of China
A-570-881,Malleable Cast Iron Pipe Fittings From People Republic of China
A-570-882,Refined Brown Aluminum Oxide From People Republic of China
A-570-886,Polyethylene Retail Carrier Bags From People Republic of China
A-570-887,Tetrahydrofurfuryl Alcohol From People Republic of China
A-570-888,"Floor-Standing, Metal-Top Ironing Tables And Parts Thereof From People Republic of China"
A-570-890,Wooden Bedroom Furniture From People Republic of China
A-570-891,Hand Trucks From People Republic of China
A-570-892,Carbazole Violet Pigment 23 From People Republic of China
A-570-893,Frozen Warmwater Shrimp From People Republic of China
A-570-894,Tissue Paper Products From People Republic of China
A-570-895,Crepe Paper Products From People Republic of China
A-570-896,Magnesium Metal From People Republic of China
A-570-898,Chlorinated Isocyanurates From People Republic of China
A-570-899,Artist Canvas From People Republic of China
A-570-900,Diamond Sawblades From People Republic of China
A-570-901,Lined Paper Products From People Republic of China
A-570-904,Activated Carbon From People Republic of China
A-570-905,Polyester Staple Fiber From People Republic of China
A-570-908,Sodium Hexametaphosphate From People Republic of China
A-570-909,Steel Nails From People Republic of China
A-570-910,Circular Welded Carbon Quality Steel Pipe From People Republic of China
A-570-912,New Pneumatic Off-The-Road Tires From People Republic of China
A-570-914,Light-Walled Rectangular Pipe And Tube From People Republic of China
A-570-916,Laminated Woven Sacks From People Republic of China
A-570-918,Steel Wire Garment Hangers From People Republic of China
A-570-919,Electrolytic Manganese Dioxide From People Republic of China
A-570-920,Lightweight Thermal Paper From People Republic of China
A-570-922,Raw Flexible Magnets From People Republic of China
A-570-924,Polyethylene Terephthalate (Pet) Film From People Republic of China
A-570-925,Sodium Nitrite From People Republic of China
A-570-928,Uncovered Innerspring Units From People Republic of China
A-570-929,Small Diameter Graphite Electrodes From People Republic of China
A-570-930,Circular Welded Austenitic Stainless Pressure Pipe From People Republic of China
A-570-932,Steel Threaded Rod From People Republic of China
A-570-933,Frontseating Service Valves From People Republic of China
A-570-934,"1-Hydroxyethylidene-1, 1-Diphosphonic Acid (revoked 2014) From People Republic of China"
A-570-935,Circular Welded Carbon Quality Steel Line Pipe From People Republic of China
A-570-937,Citric Acid And Citrate Salt From People Republic of China
A-570-939,Tow-Behind Lawn Groomers And Parts Thereof From People Republic of China
A-570-941,Kitchen Appliance Shelving And Racks From People Republic of China
A-570-943,Oil Country Tubular Goods From People Republic of China
A-570-945,Prestressed Concrete Steel Wire Strand From People Republic of China
A-570-947,Steel Grating From People Republic of China
A-570-949,Wire Decking From People Republic of China
A-570-951,Woven Electric Blankets From People Republic of China
A-570-952,Narrow Woven Ribbons With Woven Selvedge From People Republic of China
A-570-954,Magnesia Carbon Bricks From People Republic of China
A-570-956,"Seamless Carbon And Alloy Steel Standard, Line, And Pressure Pipe From People Republic of China"
A-570-958,Coated Paper Suitable For High-Quality Print Graphics Using Sheet-Fed Presses From People Republic of China
A-570-960,Certain Standard Steel Fastners From People Republic of China
A-570-962,Potassium Phosphate Salts From People Republic of China
A-570-964,Seamless Refined Copper Pipe And Tube From People Republic of China
A-570-965,Drill Pipe From People Republic of China
A-570-967,Aluminum Extrusions From People Republic of China
A-570-970,Multilayered Wood Flooring From People Republic of China
A-570-972,Stilbenic Optical Brightening Agents From People Republic of China
A-570-973,Steel Wheels From People Republic of China
A-570-975,Galvanized Steel Wire From People Republic of China
A-570-977,High Pressure Steel Cylinders From People Republic of China
A-570-979,"Crystalline Silicon Photovoltaic Cells, Whether or Not Assembled Into Modules From People Republic of China"
A-570-981,Utility Scale Wind Towers From People Republic of China
A-570-983,Drawn Stainless Steel Sinks From People Republic of China
A-570-985,Xanthan Gum From People Republic of China
A-570-986,Hardwood and Decorative Plywood From People Republic of China
A-570-988,Silica Bricks and Shapes From People Republic of China
A-570-990,Prestressed Concrete Steel Rail Tie Wire From People Republic of China
A-570-992,Monosodium Glutamate from China From People Republic of China
A-570-994,Grain-Oriented Electrical Steel from The People's Republic of China From People Republic of China
A-570-996,Non-Oriented Electrical Steel From People Republic of China
A-570-998,"1,1,1,2-Tetrafluoroethane From People Republic of China"
A-580-807,Polyethylene Terephthalate (Pet) Film From South Korea
A-580-809,Circular Welded Non-Alloy Steel Pipe From South Korea
A-580-810,Welded Astm A-312 Stainless Steel Pipe From South Korea
A-580-811,Carbon Steel Wire Rope From South Korea
A-580-816,Corrosion-Resistant Carbon Steel Flat Products From South Korea
A-580-825,Oil Country Tubular Goods From South Korea
A-580-829,Stainless Steel Wire Rod From South Korea
A-580-831,Stainless Steel Plate In Coils From South Korea
A-580-834,Stainless Steel Sheet And Strip In Coils From South Korea
A-580-836,Certain Cut-To-Length Carbon-Quality Steel Plate From South Korea
A-580-839,Polyester Staple Fiber From South Korea
A-580-850,Polyvinyl Alcohol From South Korea
A-580-852,Prestressed Concrete Steel Wire Strand From South Korea
A-580-855,Diamond Sawblades From South Korea
A-580-859,Light-Walled Rectangular Pipe And Tube From South Korea
A-580-865,Bottom Mount Combination Refrigerator-Freezers From South Korea
A-580-867,Large Power Transformers From South Korea
A-580-868,Large Residential Washers From South Korea
A-580-870,Oil Country Tubular Goods From South Korea
A-580-871,Grain-Oriented Electrical Steel From South Korea
A-580-872,Non-Oriented Electrical Steel From South Korea
A-580-874,Steel Nails From South Korea
A-580-876,Welded Line Pipe From South Korea
A-580-878,Corrosion-Resistant Steel Products From South Korea
A-580-880,Heavy Walled Rectangular Welded Carbon Steel Pipes and Tubes From South Korea
A-580-881,Cold-Rolled Steel Flat Products From South Korea
A-580-883,Hot-Rolled Steel Flat Products From South Korea
A-580-885,Phosphor Copper From South Korea
A-580-886,Ferrovanadium From South Korea
A-580-887,Carbon and Alloy Steel Cut-To-Length Plate From South Korea
A-580-889,Dioctyl Terephthalate (DOTP) From South Korea
A-580-890,Emulsion Styrene-Butadiene Rubber(ESBR) From South Korea
A-580-891,Carbon and Alloy Steel Wire Rod From South Korea
A-580-892,Cold-Drawn Mechanical Tubing From South Korea
A-580-893,Fine Denier Polyester Staple Fiber From South Korea
A-580-894,Tapered Roller Bearings From South Korea
A-580-895,Low Melt Polyester Staple Fiber From South Korea
A-580-896,Polyethylene Terephthalate Resin From South Korea
A-580-897,Large Diameter Welded Carbon and Alloy Steel Line and Structural Pipe From South Korea
A-580-899,Acetone From South Korea
A-580-901,Collated Steel Staples From South Korea
A-580-902,Utility Scale Wind Towers From South Korea
A-580-903,Polyethylene Terephthalate Sheet From South Korea
A-580-904,Forged Steel Fittings From South Korea
A-580-905,4th Tier Cigarettes From South Korea
A-580-906,Common Alloy Aluminum Sheet From South Korea
A-580-907,Ultra-High Molecular Weight Polyethylene From South Korea
A-580-908,Passenger Vehicle and Light Truck Tires From South Korea
A-580-909,"Carbon and Alloy Seamless, Standard, Line and Pressure Pipe From South Korea"
A-580-988,Crystalline Silicon Photovoltaic Cells From South Korea
A-582-988,"Crystalline Silicon Photovoltaic Cells From Hong Kong, China"
A-583-008,Certain Circular Welded Carbon Steel Pipes And Tubes From Taiwan
A-583-605,Carbon Steel Butt-Weld Pipe Fittings From Taiwan
A-583-803,Light-Walled Rectangular Welded Carbon Steel Pipe And Tube From Taiwan
A-583-814,Circular Welded Non-Alloy Steel Pipe From Taiwan
A-583-815,Welded Astm A-312 Stainless Steel Pipe From Taiwan
A-583-816,Stainless Steel Butt-Weld Pipe Fittings From Taiwan
A-583-820,Helical Spring Lock Washers From Taiwan
A-583-828,Stainless Steel Wire Rod From Taiwan
A-583-830,Stainless Steel Plate In Coils From Taiwan
A-583-831,Stainless Steel Sheet And Strip In Coils From Taiwan
A-583-833,Polyester Staple Fiber From Taiwan
A-583-835,Certain Hot-Rolled Carbon Steel Flat Products From Taiwan
A-583-837,Polyethylene Terephthalate (Pet) Film From Taiwan
A-583-841,Polyvinyl Alcohol From Taiwan
A-583-842,Raw Flexible Magnets From Taiwan
A-583-843,Polyethylene Retail Carrier Bags From Taiwan
A-583-844,Narrow Woven Ribbons With Woven Selvedge From Taiwan
A-583-845,Standard Steel Fasteners From Taiwan
A-583-848,Stilbenic Optical Brightening Agents From Taiwan
A-583-849,Steel Wire Garment Hangers From Taiwan
A-583-850,Oil Country Tubular Goods From Taiwan
A-583-851,Non-Oriented Electrical Steel From Taiwan
A-583-853,Certain Crystalline Silicon Photovoltaic Products From Taiwan
A-583-854,Steel Nails From Taiwan
A-583-856,Corrosion-Resistant Steel Products From Taiwan
A-583-858,Carbon and Alloy Steel Cut-To-Length Plate From Taiwan
A-583-859,Steel Concrete Reinforcing Bar From Taiwan
A-583-860,Fine Denier Polyester Staple Fiber From Taiwan
A-583-861,Low Melt Polyester Staple Fiber From Taiwan
A-583-862,Polyethylene Terephthalate Resin From Taiwan
A-583-863,Forged Steel Fittings From Taiwan
A-583-864,Steel Propane Cylinders From Taiwan
A-583-865,Carbon and Alloy Steel Threaded Rod From Taiwan
A-583-866,Collated Steel Staples From Taiwan
A-583-867,Common Alloy Aluminum Sheet From Taiwan
A-583-868,Prestressed Concrete Steel Wire Strand From Taiwan
A-583-869,Passenger Vehicle and Light Truck Tires From Taiwan
A-583-988,Crystalline Silicon Photovoltaic Cells From Taiwan
A-588-046,Polychloroprene Rubber From Japan
A-588-054,Tapered Roller Bearing 4 inches and under From Japan
A-588-068,P.C. Steel Wire Strand From Japan
A-588-602,Carbon Steel Butt-Weld Pipe Fittings From Japan
A-588-704,Brass Sheet & Strip From Japan
A-588-707,Granular Polytetra-Fluoroethylene Resin From Japan
A-588-804,Antifriction Bearings From Japan
A-588-815,Gray Portland Cement And Cement Clinker From Japan
A-588-833,Stainless Steel Bar From Japan
A-588-837,Larage newspaper Printing Presses From Japan
A-588-838,Clad Steel Plate From Japan
A-588-843,Stainless Steel Wire Rod From Japan
A-588-845,Stainless Steel Sheet And Strip In Coils From Japan
A-588-846,Hot-Rolled Flat-Rolled Carbon-Quality Steel Products From Japan
A-588-847,Certain Cut-To-Length Carbon-Quality Steel Plate From Japan
A-588-850,"Carbon And Alloy Seamless Standard, Line, And Pressure Pipe (Over 4 1/2 Inches) From Japan"
A-588-851,"Carbon And Alloy Seamless Standard, Line, And Pressure Pipe (Under 4 1/2 Inches) From Japan"
A-588-854,Tin Mill Products From Japan
A-588-857,Welded Large Diameter Line Pipe From Japan
A-588-861,Polyvinyl Alcohol From Japan
A-588-865,Outboard Engines From Japan
A-588-869,Diffusion-Annealed Nickel-Plated Flat-Rolled Steel Products From Japan
A-588-870,Chlorinated Isocyanurates From Japan
A-588-871,Grain-Oriented Electrical Steel From Japan
A-588-872,Non-Oriented Electrical Steel From Japan
A-588-873,Cold-Rolled Steel Flat Products From Japan
A-588-874,Hot-Rolled Steel Flat Products From Japan
A-588-875,Carbon and Alloy Steel Cut-To-Length Plate From Japan
A-588-876,Steel Concrete Reinforcing Bar From Japan
A-588-877,Titanium Sponge From Japan
A-588-878,Glycine From Japan
A-588-879,Methionine From Japan
A-588-988,Crystalline Silicon Photovoltaic Cells From Japan
A-588-993,Certain Crystalline Silicon Photovoltaic Products From Japan
A-60-2807,Uncoated Paper From Australia
A-602-806,Electrolytic Manganese Dioxide From Australia
A-602-807,Uncoated Paper From Australia
A-602-808,Silicomanganese From Australia
A-602-809,Hot-Rolled Steel Flat Products From Australia
A-602-810,Silicon Metal From Australia
A-602-988,Crystalline Silicon Photovoltaic Cells From Australia
A-614-988,Crystalline Silicon Photovoltaic Cells From New Zealand
A-723-001,Prestressed Concrete Steel Wire Strand From Tunisia
A-729-803,Common Alloy Aluminum Sheet From Egypt
A-729-804,Prestressed Concrete Steel Wire Strand From Egypt
A-791-805,Stainless Steel Plate In Coils From South Africa
A-791-812,Circular Welded Non-Alloy Steel Pipe From South Africa
A-791-815,Ferrovanadium From South Africa
A-791-821,Uncovered Innerspring Units From South Africa
A-791-822,Carbon and Alloy Steel Cut-To-Length Plate From South Africa
A-791-823,Carbon and Alloy Steel Wire Rod From South Africa
A-791-824,Acetone From South Africa
A-791-825,Common Alloy Aluminum Sheet From South Africa
A-791-826,Prestressed Concrete Steel Wire Strand From South Africa
A-801-001,Common Alloy Aluminum Sheet From Serbia
A-801-002,Mattresses From Serbia
A-821-801,Solid Urea From Russian Federation
A-821-802,Uranium From Russian Federation
A-821-807,Ferrovanadium And Nitrided Vanadium From Russian Federation
A-821-808,Certain Cut-To-Length Carbon Steel From Russian Federation
A-821-809,Certain Hot-Rolled Carbon Steel Flat Products From Russian Federation
A-821-811,Ammonium Nitrate From Russian Federation
A-821-817,Silicon Metal From Russian Federation
A-821-819,Magnesium Metal From Russian Federation
A-821-820,Ferrosilicon From Russian Federation
A-821-821,Grain-Oriented Electrical Steel From Russian Federation
A-821-822,Cold-Rolled Steel Flat Products From Russian Federation
A-821-824,Carbon and Alloy Steel Wire Rod From Russian Federation
A-821-826,"Carbon and Alloy Seamless, Standard, Line and Pressure Pipe From Russian Federation"
A-821-988,Crystalline Silicon Photovoltaic Cells From Russian Federation
A-822-804,Steel Concrete Reinforcing Bars From Belarus
A-822-806,Carbon and Alloy Steel Wire Rod From Belarus
A-823-801,Solid Urea From Ukraine
A-823-805,Silicomanganese From Ukraine
A-823-808,Certain Cut-To-Length Carbon Steel From Ukraine
A-823-809,Steel Concrete Reinforcing Bars From Ukraine
A-823-810,Solid Agricultural Grade Ammonium Nitrate From Ukraine
A-823-811,Certain Hot-Rolled Carbon Steel Flat Products From Ukraine
A-823-812,Carbon And Certain Alloy Steel Wire Rod From Ukraine
A-823-815,Oil Country Tubular Goods From Ukraine
A-823-816,Carbon and Alloy Steel Wire Rod From Ukraine
A-823-817,Prestressed Concrete Steel Wire Strand From Ukraine
A-823-819,"Carbon and Alloy Seamless, Standard, Line and Pressure Pipe From Ukraine"
A-834-807,Silicomanganese From Kazakhstan
A-834-809,Titanium Sponge From Kazakhstan
A-841-804,Steel Concrete Reinforcing Bars From Moldova
A-841-805,Carbon And Certain Alloy Steel Wire Rod From Moldova
A-851-803,Grain-Oriented Electrical Steel from Czech Republic From Czech Republic
A-851-804,"Carbon and Alloy Seamless, Standard, Line and Pressure Pipe From Czech Republic"
A-851-988,Crystalline Silicon Photovoltaic Cells From Czech Republic
A-856-001,Common Alloy Aluminum Sheet From Slovenia
A-891-001,Common Alloy Aluminum Sheet From Croatia
A-893-001,Silicon Metal From Bosnia and Herzegovina
C-000-001,Soap Suds From Angola
C-122-854,Supercalendered Paper From Canada
C-122-858,Softwood Lumber From Canada
C-122-860,100- to 150-Seat Large Civil Aircraft From Canada
C-122-862,Uncoated Groundwood Paper From Canada
C-122-865,Fabricated Structural Steel From Canada
C-122-868,Utility Scale Wind Towers From Canada
C-122-989,Crystalline Silicon Photovoltaic Cells From Canada
C-201-846,Sugar From Mexico
C-201-851,Fabricated Structural Steel From Mexico
C-201-854,Standard Welded Wire Mesh From Mexico
C-201-989,Crystalline Silicon Photovoltaic Cells From Mexico
C-274-807,Melamine From Trinidad and Tobago
C-331-803,Frozen Warmwater Shrimp From Ecuador
C-351-504,Iron Construction Castings From Brazil
C-351-829,Hot-Rolled Flat-Rolled Carbon-Quality Steel Products From Brazil
C-351-833,Carbon And Certain Alloy Steel Wire Rod From Brazil
C-351-844,Cold-Rolled Steel Flat Products From Brazil
C-351-846,Hot-Rolled Steel Flat Products From Brazil
C-351-848,Carbon and Alloy Steel Cut-To-Length Plate From Brazil
C-351-851,Silicon Metal From Brazil
C-351-855,Common Alloy Aluminum Sheet From Brazil
C-357-813,Honey From Argentina
C-357-821,Biodiesel From Argentina
C-357-989,Crystalline Silicon Photovoltaic Cells From Argentina
C-401-989,Crystalline Silicon Photovoltaic Cells From Sweden
C-403-802,Fresh & Chilled Atlantic Salmon From Norway
C-403-989,Crystalline Silicon Photovoltaic Cells From Norway
C-409-989,Crystalline Silicon Photovoltaic Cells From Denmark
C-412-989,Crystalline Silicon Photovoltaic Cells From United Kingdom
C-421-989,Crystalline Silicon Photovoltaic Cells From Netherlands
C-423-809,Stainless Steel Plate in Coils From Belgium
C-423-989,Crystalline Silicon Photovoltaic Cells From Belgium
C-427-819,Low Enriched Uranium From France
C-427-989,Crystalline Silicon Photovoltaic Cells From France
C-428-817,Cut-to-length carbon steel plate From Germany
C-428-848,Forged Steel Fluid End Blocks From Germany
C-428-989,Crystalline Silicon Photovoltaic Cells From Germany
C-433-989,Crystalline Silicon Photovoltaic Cells From Austria
C-437-989,Crystalline Silicon Photovoltaic Cells From Hungary
C-441-989,Crystalline Silicon Photovoltaic Cells From Switzerland
C-455-989,Crystalline Silicon Photovoltaic Cells From Poland
C-469-818,Ripe Olives From Spain
C-469-989,Crystalline Silicon Photovoltaic Cells From Spain
C-471-989,Crystalline Silicon Photovoltaic Cells From Portugal
C-475-819,"Pasta, Certain From Italy"
C-475-827,Certain Cut-To-Length Carbon-Quality Steel Plate From Italy
C-475-833,Corrosion-Resistant Steel Products From Italy
C-475-837,Carbon and Alloy Steel Wire Rod From Italy
C-475-841,Forged Steel Fluid End Blocks From Italy
C-475-989,Crystalline Silicon Photovoltaic Cells From Italy
C-479-989,Crystalline Silicon Photovoltaic Cells From Croatia
C-489-502,Welded Carbon Steel Pipe & Tube From Turkey
C-489-806,"Pasta, Certain From Turkey"
C-489-817,Oil Country Tubular Goods From Turkey
C-489-819,Steel Concrete Reinforcing Bars From Turkey
C-489-821,Steel Nails From Turkey
C-489-823,Welded Line Pipe From Turkey
C-489-825,Heavy Walled Rectangular Welded Carbon Steel Pipes and Tubes From Turkey
C-489-827,Hot-Rolled Steel Flat Products From Turkey
C-489-830,Steel Concrete Reinforcing Bar From Turkey
C-489-832,Carbon and Alloy Steel Wire Rod From Turkey
C-489-834,Large Diameter Welded Carbon and Alloy Steel Structural Pipe From Turkey
C-489-836,Dried Tart Cherries From Turkey
C-489-838,Quartz Surface Products From Turkey
C-489-840,Common Alloy Aluminum Sheet From Turkey
C-489-843,Prestressed Concrete Steel Wire Strand From Turkey
C-489-989,Crystalline Silicon Photovoltaic Cells From Turkey
C-507-501,In-Shell Pistachio Nuts From Iran
C-507-601,Roasted In Shell Pistachios From Iran
C-508-813,Magnesium From Israel
C-508-989,Crystalline Silicon Photovoltaic Cells From Israel
C-520-806,Circular Welded Carbon-Quality Steel Pipe From United Arab Emirates
C-523-802,Circular Welded Carbon-Quality Steel Pipe From Oman
C-523-809,Steel Nails From Oman
C-523-811,Polyethylene Terephthalate Resin From Oman
C-525-002,Common Alloy Aluminum Sheet From Bahrain
C-533-807,Sulfanilic Acid From India
C-533-818,Certain Cut-To-Length Carbon-Quality Steel Plate From India
C-533-821,Certain Hot-Rolled Carbon Steel Flat Products From India
C-533-825,Polyethylene Terephthalate (Pet) Film From India
C-533-829,Prestressed Concrete Steel Wire Strand From India
C-533-839,Carbazole Violet Pigment 23 From India
C-533-844,Lined Paper Products From India
C-533-849,Commodity Matchbooks From India
C-533-853,Circular Welded Carbon-Quality Steel Pipe From India
C-533-854,Frozen Warmwater Shrimp From India
C-533-856,Steel Threaded Rod From India
C-533-858,Oil Country Tubular Goods From India
C-533-860,Steel Nails From India
C-533-862,Polyethylene Terephthalate Resin From India
C-533-864,Corrosion-Resistant Steel Products From India
C-533-866,Cold-Rolled Steel Flat Products From India
C-533-868,Welded Stainless Pressure Pipe From India
C-533-870,Off-the-Road Tires From India
C-533-872,Finished Carbon Steel Flanges From India
C-533-874,Cold-Drawn Mechanical Tubing From India
C-533-876,Fine Denier Polyester Staple Fiber From India
C-533-878,Stainless Steel Flanges From India
C-533-880,Polytetrafluoroethylene (PTFE) Resin From India
C-533-882,Large Diameter Welded Carbon and Alloy Steel Line Pipe From India
C-533-884,Glycine From India
C-533-886,Polyester Textured Yarn From India
C-533-888,Carbon and Alloy Steel Threaded Rod From India
C-533-890,Quartz Surface Products From India
C-533-892,Forged Steel Fittings From India
C-533-894,Forged Steel Fluid End Blocks From India
C-533-896,Common Alloy Aluminum Sheet From India
C-533-989,Crystalline Silicon Photovoltaic Cells From India
C-535-904,Circular Welded Carbon-Quality Steel Pipe From Pakistan
C-542-801,Off-the-Road Tires From Sri Lanka
C-542-803,Rubber Bands From Sri Lanka
C-549-818,Certain Hot-Rolled Carbon Steel Flat Products From Thailand
C-549-828,Frozen Warmwater Shrimp From Thailand
C-549-834,Citric Acid and Certain Citrate Salts From Thailand
C-549-836,Rubber Bands From Thailand
C-549-838,Glycine From Thailand
C-549-989,Crystalline Silicon Photovoltaic Cells From Thailand
C-552-805,Polyethylene Retail Carrier Bags From Vietnam
C-552-810,Circular Welded Carbon-Quality Steel Pipe From Vietnam
C-552-813,Steel Wire Garment Hangers From Vietnam
C-552-815,Frozen Warmwater Shrimp From Vietnam
C-552-819,Steel Nails From Vietnam
C-552-824,Laminated Woven Sacks From Vietnam
C-552-826,Utility Scale Wind Towers From Vietnam
C-552-829,Passenger Vehicle and Light Truck Tires From Vietnam
C-552-989,Crystalline Silicon Photovoltaic Cells From Vietnam
C-557-814,Frozen Warmwater Shrimp From Malaysia
C-557-817,Steel Nails From Malaysia
C-557-989,Crystalline Silicon Photovoltaic Cells From Malaysia
C-559-989,Crystalline Silicon Photovoltaic Cells From Singapore
C-560-806,Certain Cut-To-Length Carbon-Quality Steel Plate From Indonesia
C-560-813,Certain Hot-Rolled Carbon Steel Flat Products From Indonesia
C-560-819,Lined Paper Products From Indonesia
C-560-824,Coated Paper Suitable For High-Quality Print Graphics Using Sheet-Fed Presses From Indonesia
C-560-825,Frozen Warmwater Shrimp From Indonesia
C-560-827,Monosodium Glutamate from Indonesia From Indonesia
C-560-829,Uncoated Paper From Indonesia
C-560-831,Biodiesel From Indonesia
C-560-834,Utility Scale Wind Towers From Indonesia
C-565-989,Crystalline Silicon Photovoltaic Cells From Philippines
C-570-009,Calcium Hypochlorite From People Republic of China
C-570-011,Certain Crystalline Silicon Photovoltaic Products From People Republic of China
C-570-013,for Carbon and Certain Alloy Steel Wire Rod From People Republic of China
C-570-015,53-Foot Domestic Dry Containers From People Republic of China
C-570-017,Passenger Vehicle and Light Truck Tires From People Republic of China
C-570-019,Boltless Steel Shelving Units Prepackaged for Sale From People Republic of China
C-570-021,Melamine From People Republic of China
C-570-023,Uncoated Paper From People Republic of China
C-570-025,Polyethylene Terephthalate Resin From People Republic of China
C-570-027,Corrosion-Resistant Steel Products From People Republic of China
C-570-030,Cold-Rolled Steel Flat Products From People Republic of China
C-570-031,Certain Iron Mechanical Transfer Drive Components From People Republic of China
C-570-035,Off-the-Road Tires From People Republic of China
C-570-037,Biaxial Integral Geogrid Products From People Republic of China
C-570-039,Amorphous Silica Fabric From People Republic of China
C-570-041,Truck and Bus Tires From People Republic of China
C-570-043,Stainless Steel Sheet and Strip From People Republic of China
C-570-046,"1-Hydroxyethylidene-1, 1-Diphosphonic Acid (HEDP) From People Republic of China"
C-570-048,Carbon and Alloy Steel Cut-To-Length Plate From People Republic of China
C-570-050,Ammonium Sulfate From People Republic of China
C-570-052,Hardwood Plywood Products From People Republic of China
C-570-054,Aluminum Foil From People Republic of China
C-570-057,Tool Chests and Cabinets From People Republic of China
C-570-059,Cold-Drawn Mechanical Tubing From People Republic of China
C-570-061,Fine Denier Polyester Staple Fiber From People Republic of China
C-570-063,Cast Iron Soil Pipe Fittings From People Republic of China
C-570-065,Stainless Steel Flanges From People Republic of China
C-570-068,Forged Steel Fittings From People Republic of China
C-570-070,Rubber Bands From People Republic of China
C-570-072,"Sodium Gluconate, Gluconic Acid and Derivative Products From People Republic of China"
C-570-074,Common Alloy Aluminum Sheet From People Republic of China
C-570-076,Plastic Decorative Ribbon From People Republic of China
C-570-078,Large Diameter Welded Carbon and Alloy Steel Structural Pipe From People Republic of China
C-570-080,Cast Iron Soil Pipe From People Republic of China
C-570-081,Glycine From People Republic of China
C-570-083,Steel Wheels From People Republic of China
C-570-085,Quartz Surface Products From People Republic of China
C-570-087,Steel Propane Cylinders From People Republic of China
C-570-089,Steel Racks From People Republic of China
C-570-091,Certain Steel Wheels 12 to 16.5 Inches in Diameter From People Republic of China
C-570-094,Refillable Stainless Steel Kegs From People Republic of China
C-570-096,Aluminum Wire and Cable From People Republic of China
C-570-098,Polyester Textured Yarn From People Republic of China
C-570-103,Fabricated Structural Steel From People Republic of China
C-570-105,Carbon and Alloy Steel Threaded Rod From People Republic of China
C-570-107,Wooden Cabinets and Vanities and Components Thereof From People Republic of China
C-570-109,Ceramic Tile From People Republic of China
C-570-111,Vertical Metal File Cabinets From People Republic of China
C-570-113,Collated Steel Staples From People Republic of China
C-570-115,Glass Containers From People Republic of China
C-570-116,Forged Steel Fluid End Blocks From People Republic of China
C-570-118,Wood Mouldings and Millwork Products From People Republic of China
C-570-120,"Vertical Shaft Engines between 225cc and 999cc, and Parts Thereof From People Republic of China"
C-570-123,Corrosion Inhibitors From People Republic of China
C-570-125,"Certain Vertical Shaft Engines between 99cc and 225cc, and Parts Thereof From People Republic of China"
C-570-127,Non-Refillable Steel Cylinders From People Republic of China
C-570-128,Mattresses From People Republic of China
C-570-130,Walk-Behind Lawn Mowers and Parts Thereof From People Republic of China
C-570-132,Twist Ties From People Republic of China
C-570-134,Metal Lockers and Parts Thereof From People Republic of China
C-570-136,Chassis and Subassemblies Thereof From People Republic of China
C-570-911,Circular Welded Carbon Quality Steel Pipe From People Republic of China
C-570-913,New Pneumatic Off-The-Road Tires From People Republic of China
C-570-915,Light-Walled Rectangular Pipe And Tube From People Republic of China
C-570-917,Laminated Woven Sacks From People Republic of China
C-570-921,Lightweight Thermal Paper From People Republic of China
C-570-923,Raw Flexible Magnets From People Republic of China
C-570-926,Sodium Nitrite From People Republic of China
C-570-931,Circular Welded Austenitic Stainless Pressure Pipe From People Republic of China
C-570-936,Circular Welded Carbon Quality Steel Line Pipe From People Republic of China
C-570-938,Citric Acid And Citrate Salt From People Republic of China
C-570-940,Tow-Behind Lawn Groomers And Parts Thereof From People Republic of China
C-570-942,Kitchen Appliance Shelving And Racks From People Republic of China
C-570-944,Oil Country Tubular Goods From People Republic of China
C-570-946,Prestressed Concrete Steel Wire Strand From People Republic of China
C-570-948,Steel Grating From People Republic of China
C-570-950,Wire Decking From People Republic of China
C-570-953,Narrow Woven Ribbons With Woven Selvedge From People Republic of China
C-570-955,Magnesia Carbon Bricks From People Republic of China
C-570-957,"Seamless Carbon And Alloy Steel Standard, Line, And Pressure Pipe From People Republic of China"
C-570-959,Coated Paper Suitable For High-Quality Print Graphics Using Sheet-Fed Presses From People Republic of China
C-570-961,Standard Steel Fasteners From People Republic of China
C-570-963,Potassium Phosphate Salts From People Republic of China
C-570-966,Drill Pipe From People Republic of China
C-570-968,Aluminum Extrusions From People Republic of China
C-570-971,Multilayered Wood Flooring From People Republic of China
C-570-974,Steel Wheels From People Republic of China
C-570-976,Galvanized Steel Wire From People Republic of China
C-570-978,High Pressure Steel Cylinders From People Republic of China
C-570-980,"Crystalline Silicon Photovoltaic Cells, Whether or Not Assembled Into Modules From People Republic of China"
C-570-982,Utility Scale Wind Towers From People Republic of China
C-570-984,Drawn Stainless Steel Sinks From People Republic of China
C-570-987,Hardwood and Decorative Plywood From People Republic of China
C-570-989,Frozen Warmwater Shrimp From People Republic of China
C-570-991,Chlorinated Isocyanurates From People Republic of China
C-570-993,Monosodium Glutamate from China From People Republic of China
C-570-995,Grain-Oriented Electrical Steel from The People's Republic of China From People Republic of China
C-570-997,Non-Oriented Electrical Steel From People Republic of China
C-570-999,"1,1,1,2-Tetrafluoroethane From People Republic of China"
C-580-818,Corrosion-Resistant Carbon Steel Flat Products From South Korea
C-580-835,Stainless Steel Sheet And Strip In Coils From South Korea
C-580-837,Certain Cut-To-Length Carbon-Quality Steel Plate From South Korea
C-580-851,DRAMS From South Korea
C-580-866,Bottom Mount Combination Refrigerator-Freezers From South Korea
C-580-869,Large Residential Washers From South Korea
C-580-873,Non-Oriented Electrical Steel From South Korea
C-580-875,Steel Nails From South Korea
C-580-877,Welded Line Pipe From South Korea
C-580-879,Corrosion-Resistant Steel Products From South Korea
C-580-882,Cold-Rolled Steel Flat Products From South Korea
C-580-884,Hot-Rolled Steel Flat Products From South Korea
C-580-888,Carbon and Alloy Steel Cut-To-Length Plate From South Korea
C-580-898,Large Diameter Welded Carbon and Alloy Steel Line and Structural Pipe From South Korea
C-580-910,"Carbon and Alloy Seamless, Standard, Line and Pressure Pipe From South Korea"
C-580-989,Crystalline Silicon Photovoltaic Cells From South Korea
C-582-989,"Crystalline Silicon Photovoltaic Cells From Hong Kong, China"
C-583-852,Non-Oriented Electrical Steel From Taiwan
C-583-855,Steel Nails From Taiwan
C-583-857,Corrosion-Resistant Steel Products From Taiwan
C-583-989,Crystalline Silicon Photovoltaic Cells From Taiwan
C-588-989,Crystalline Silicon Photovoltaic Cells From Japan
C-602-811,Silicon Metal From Australia
C-602-989,Crystalline Silicon Photovoltaic Cells From Australia
C-614-989,Crystalline Silicon Photovoltaic Cells From New Zealand
C-714-001,Phosphate Fertilizers From Morocco
C-791-806,Stainless Steel Plate In Coils From South Africa
C-821-823,Cold-Rolled Steel Flat Products From Russian Federation
C-821-825,Phosphate Fertilizers From Russian Federation
C-821-827,"Carbon and Alloy Seamless, Standard, Line and Pressure Pipe From Russian Federation"
C-821-989,Crystalline Silicon Photovoltaic Cells From Russian Federation
C-834-808,Silicon Metal From Kazakhstan
C-834-810,Titanium Sponge From Kazakhstan
C-834-811,Silicon Metal From Kazakhstan
C-851-989,Crystalline Silicon Photovoltaic Cells From Czech Republic
